rid,student_id,teacher_id,date,start_time,end_time,sid,lid,finished,time_created
1,262,487,2019-10-08,21:56:49, 22:56:49,97,2,FALSE,2019-08-17
2,574,872,2019-08-11,6:01:20, 07:01:20,46,5,FALSE,2019-06-01
3,981,826,2019-06-27,8:51:44, 09:51:44,257,14,TRUE,2019-12-06
4,430,273,2019-07-28,8:12:54, 09:12:54,161,4,TRUE,2020-01-26
5,362,513,2019-11-27,4:58:10, 05:58:10,83,11,FALSE,2020-01-28
6,670,460,2019-10-22,11:07:08, 12:07:08,104,2,FALSE,2020-01-12
7,628,945,2019-05-06,16:33:17, 17:33:17,142,16,TRUE,2019-11-28
8,4,159,2020-01-26,17:38:36, 18:38:36,400,8,TRUE,2019-07-14
9,790,546,2019-10-09,19:59:14, 20:59:14,292,17,TRUE,2020-03-01
10,567,785,2020-02-11,16:04:02, 17:04:02,60,17,FALSE,2020-03-29
11,451,595,2019-06-11,20:46:31, 21:46:31,389,6,TRUE,2019-10-02
12,458,676,2019-12-25,21:20:24, 22:20:24,413,22,FALSE,2020-01-14
13,588,375,2019-11-15,9:02:33, 10:02:33,115,19,FALSE,2020-03-20
14,508,531,2019-06-29,17:24:14, 18:24:14,110,18,FALSE,2020-04-15
15,572,932,2019-07-27,19:28:05, 20:28:05,483,5,FALSE,2019-05-26
16,164,644,2019-06-18,13:51:26, 14:51:26,381,13,TRUE,2020-03-28
17,633,310,2019-07-25,14:23:06, 15:23:06,113,7,TRUE,2019-11-21
19,377,543,2019-05-03,18:34:17, 19:34:17,479,9,FALSE,2019-05-11
20,961,169,2019-06-14,7:42:05, 08:42:05,100,14,TRUE,2020-02-28
21,467,229,2020-01-24,1:12:05, 02:12:05,495,15,TRUE,2019-08-04
22,529,774,2019-09-30,11:21:56, 12:21:56,117,13,TRUE,2019-09-07
23,826,754,2019-05-08,5:10:45, 06:10:45,191,8,TRUE,2019-12-29
24,807,876,2019-09-10,19:24:55, 20:24:55,82,7,FALSE,2019-10-10
25,72,674,2019-12-27,7:45:47, 08:45:47,254,17,FALSE,2019-08-07
26,998,401,2019-07-08,4:49:21, 05:49:21,437,6,TRUE,2020-03-19
27,654,244,2019-07-21,4:50:06, 05:50:06,101,3,TRUE,2019-05-21
28,260,893,2019-07-13,10:02:47, 11:02:47,416,16,TRUE,2020-03-28
29,614,168,2019-10-30,11:27:57, 12:27:57,399,18,FALSE,2020-01-01
30,301,849,2020-02-20,11:38:32, 12:38:32,216,21,FALSE,2019-08-29
31,387,106,2019-09-10,12:25:56, 13:25:56,330,13,TRUE,2020-02-27
32,55,835,2020-02-06,5:56:09, 06:56:09,93,14,TRUE,2019-04-24
33,811,294,2019-05-31,5:09:02, 06:09:02,140,6,TRUE,2020-02-26
34,895,420,2019-04-27,22:07:05, 23:07:05,190,8,FALSE,2020-04-03
35,173,773,2019-06-02,8:59:57, 09:59:57,253,11,TRUE,2020-04-22
36,491,75,2019-07-13,17:29:06, 18:29:06,469,8,FALSE,2020-03-06
37,882,635,2020-02-24,15:24:55, 16:24:55,423,10,FALSE,2020-01-28
38,653,371,2020-03-27,22:44:13, 23:44:13,368,18,FALSE,2019-07-12
40,248,672,2019-05-13,0:59:02, 01:59:02,287,12,FALSE,2019-05-16
41,202,519,2019-08-18,15:39:04, 16:39:04,148,21,FALSE,2019-10-13
42,636,762,2019-04-26,2:14:21, 03:14:21,301,17,TRUE,2019-04-26
43,240,378,2019-07-17,4:11:44, 05:11:44,141,17,FALSE,2020-02-15
44,547,373,2019-12-19,4:56:53, 05:56:53,485,16,FALSE,2019-09-17
45,105,877,2020-01-28,17:58:41, 18:58:41,433,8,TRUE,2019-07-06
46,889,51,2020-02-27,9:41:33, 10:41:33,131,8,TRUE,2019-12-14
47,497,717,2019-05-17,9:49:50, 10:49:50,310,22,FALSE,2020-04-17
48,526,187,2019-06-25,22:51:42, 23:51:42,76,5,FALSE,2020-01-24
49,360,589,2019-11-02,4:17:43, 05:17:43,138,22,TRUE,2019-08-12
50,93,751,2019-05-27,22:46:01, 23:46:01,175,3,TRUE,2020-01-19
51,320,649,2019-08-09,21:18:27, 22:18:27,151,12,TRUE,2019-05-25
52,438,153,2020-01-23,19:27:10, 20:27:10,106,9,TRUE,2019-09-14
53,763,574,2019-05-12,19:54:48, 20:54:48,467,15,FALSE,2020-03-19
54,449,531,2019-11-07,11:50:57, 12:50:57,167,3,TRUE,2020-03-22
55,48,512,2020-03-18,18:56:32, 19:56:32,221,16,TRUE,2019-05-21
56,659,918,2019-05-08,9:22:42, 10:22:42,30,11,TRUE,2019-08-02
57,82,842,2020-01-14,10:38:03, 11:38:03,260,15,TRUE,2019-05-18
58,232,743,2019-12-30,8:46:38, 09:46:38,8,17,FALSE,2019-12-30
63,586,503,2019-09-11,15:03:22, 16:03:22,63,12,TRUE,2019-08-24
64,906,884,2019-12-25,12:29:19, 13:29:19,372,2,FALSE,2020-01-21
65,299,109,2020-04-20,7:37:32, 08:37:32,163,8,FALSE,2019-06-23
66,673,456,2019-12-22,3:49:42, 04:49:42,438,1,FALSE,2020-01-07
67,973,757,2020-04-11,22:40:24, 23:40:24,264,4,TRUE,2019-11-08
68,716,51,2019-07-15,21:02:32, 22:02:32,193,10,FALSE,2020-01-22
69,939,505,2020-02-10,11:50:56, 12:50:56,114,14,TRUE,2019-07-07
70,626,261,2019-05-09,4:08:53, 05:08:53,388,17,TRUE,2019-10-13
71,165,837,2019-08-29,18:31:30, 19:31:30,107,8,TRUE,2019-11-08
72,908,219,2019-12-08,12:53:13, 13:53:13,341,14,FALSE,2020-01-22
73,48,318,2019-12-01,5:25:28, 06:25:28,244,9,TRUE,2019-07-19
74,259,37,2019-10-05,12:35:16, 13:35:16,349,16,FALSE,2019-08-26
75,946,182,2019-09-01,9:00:11, 10:00:11,404,19,FALSE,2020-03-29
76,853,80,2019-07-02,22:32:48, 23:32:48,328,11,TRUE,2020-03-21
77,273,586,2019-11-01,10:45:55, 11:45:55,454,10,TRUE,2019-11-11
78,918,820,2019-06-01,0:43:05, 01:43:05,226,12,FALSE,2019-10-26
79,885,97,2019-06-26,14:33:31, 15:33:31,157,17,TRUE,2019-11-27
80,1,449,2020-03-30,14:36:48, 15:36:48,45,3,TRUE,2020-02-23
81,570,306,2019-09-06,17:50:04, 18:50:04,99,3,FALSE,2019-06-22
82,677,300,2019-10-01,11:26:31, 12:26:31,118,3,TRUE,2019-05-28
83,304,139,2020-02-27,20:49:21, 21:49:21,159,12,TRUE,2020-04-17
84,710,802,2019-06-07,22:55:58, 23:55:58,322,6,FALSE,2019-07-07
85,36,796,2019-07-04,16:27:39, 17:27:39,61,11,TRUE,2019-12-13
87,869,405,2020-03-11,9:01:11, 10:01:11,176,20,FALSE,2020-01-14
88,192,687,2020-02-26,6:54:42, 07:54:42,445,5,TRUE,2019-09-13
89,399,79,2019-08-27,21:17:09, 22:17:09,110,14,FALSE,2019-07-28
90,822,612,2019-06-09,5:15:30, 06:15:30,120,2,FALSE,2020-04-17
91,241,320,2019-12-26,9:50:43, 10:50:43,258,10,TRUE,2019-11-03
92,572,458,2019-12-23,0:40:40, 01:40:40,177,14,FALSE,2019-07-14
93,260,151,2019-07-21,17:56:45, 18:56:45,222,21,TRUE,2020-01-21
94,355,24,2020-01-04,20:35:34, 21:35:34,453,12,TRUE,2019-09-02
95,64,592,2019-06-14,7:24:38, 08:24:38,413,5,FALSE,2019-08-18
96,756,997,2019-10-26,22:17:13, 23:17:13,150,14,FALSE,2020-03-02
100,440,514,2019-09-17,13:30:17, 14:30:17,454,1,FALSE,2019-07-26
101,303,692,2020-02-18,2:59:07, 03:59:07,343,13,TRUE,2020-02-26
102,953,294,2019-10-05,20:48:27, 21:48:27,43,4,FALSE,2019-12-25
103,842,182,2019-05-17,9:03:09, 10:03:09,295,1,TRUE,2020-01-04
104,369,31,2019-06-20,12:28:49, 13:28:49,374,3,FALSE,2019-06-17
105,605,974,2019-06-19,21:03:45, 22:03:45,154,3,FALSE,2019-07-09
106,67,920,2019-05-22,4:08:41, 05:08:41,11,17,FALSE,2019-04-24
107,26,147,2020-02-03,4:02:58, 05:02:58,11,19,FALSE,2020-01-13
108,904,435,2020-02-11,13:41:06, 14:41:06,366,5,FALSE,2019-08-12
109,530,603,2020-01-24,0:44:21, 01:44:21,368,7,TRUE,2019-06-19
110,870,638,2019-05-04,16:26:51, 17:26:51,230,14,FALSE,2019-07-30
111,319,403,2020-03-27,4:04:28, 05:04:28,398,5,FALSE,2019-05-21
112,158,591,2019-05-14,5:04:11, 06:04:11,305,8,TRUE,2019-12-29
113,256,941,2019-08-18,10:40:28, 11:40:28,201,3,FALSE,2020-04-16
114,557,4,2019-06-10,7:35:00, 08:35:00,48,15,TRUE,2019-05-16
115,49,557,2020-02-01,13:37:07, 14:37:07,1,9,TRUE,2019-05-28
116,1,120,2019-11-14,11:51:44, 12:51:44,291,21,TRUE,2019-09-05
117,422,333,2019-07-19,0:25:56, 01:25:56,171,10,FALSE,2019-06-02
118,906,521,2020-04-18,19:35:03, 20:35:03,487,13,FALSE,2019-06-25
119,437,68,2020-04-04,13:49:04, 14:49:04,438,9,FALSE,2020-02-11
120,783,919,2019-10-25,11:05:52, 12:05:52,229,4,FALSE,2020-04-10
121,561,545,2019-08-28,22:46:02, 23:46:02,103,6,TRUE,2019-12-14
122,810,543,2020-01-15,9:57:06, 10:57:06,303,4,FALSE,2019-12-15
123,76,376,2019-08-05,2:56:37, 03:56:37,97,5,FALSE,2019-09-12
124,621,992,2019-08-02,20:04:24, 21:04:24,254,7,TRUE,2020-03-08
125,186,315,2020-03-27,2:39:09, 03:39:09,494,12,TRUE,2019-11-05
126,51,980,2019-07-15,18:22:57, 19:22:57,417,8,TRUE,2019-04-29
127,225,933,2019-04-25,2:43:55, 03:43:55,287,6,TRUE,2020-04-09
128,554,103,2020-03-17,6:02:17, 07:02:17,216,15,TRUE,2019-12-27
129,79,391,2019-11-30,12:01:46, 13:01:46,421,11,TRUE,2019-06-04
130,603,812,2019-10-17,19:23:42, 20:23:42,20,3,TRUE,2020-02-23
131,573,904,2019-12-25,12:59:44, 13:59:44,433,13,TRUE,2019-10-16
132,572,143,2019-06-18,7:14:27, 08:14:27,88,8,TRUE,2019-09-03
133,824,718,2020-01-29,17:47:17, 18:47:17,187,20,TRUE,2019-08-18
134,931,41,2020-01-20,16:47:38, 17:47:38,39,18,TRUE,2019-06-09
135,429,740,2019-11-27,20:23:55, 21:23:55,10,6,TRUE,2019-05-22
136,2,404,2019-09-08,0:01:15, 01:01:15,50,3,FALSE,2019-08-28
137,671,70,2019-06-20,19:32:03, 20:32:03,250,15,TRUE,2019-07-29
138,316,801,2019-07-23,13:30:01, 14:30:01,425,13,FALSE,2019-09-05
139,715,603,2019-06-06,7:05:09, 08:05:09,116,13,FALSE,2019-10-21
140,376,997,2020-03-03,0:59:27, 01:59:27,169,11,FALSE,2019-10-15
141,993,827,2020-04-12,8:22:19, 09:22:19,229,16,TRUE,2019-12-12
142,18,70,2019-08-08,3:44:01, 04:44:01,218,10,FALSE,2019-07-10
143,700,635,2020-02-10,21:53:39, 22:53:39,333,5,TRUE,2020-02-18
144,793,910,2020-04-22,4:30:32, 05:30:32,135,21,TRUE,2019-06-12
145,553,856,2019-09-10,15:16:05, 16:16:05,181,3,FALSE,2020-01-20
146,356,628,2019-11-25,5:13:22, 06:13:22,47,21,FALSE,2019-06-09
147,848,654,2019-12-11,20:29:44, 21:29:44,66,18,FALSE,2020-02-14
148,685,967,2019-06-06,6:17:29, 07:17:29,133,14,FALSE,2019-07-02
149,220,599,2020-02-04,13:03:33, 14:03:33,174,16,FALSE,2020-02-26
153,138,308,2020-03-27,11:52:52, 12:52:52,480,21,TRUE,2019-11-30
154,21,637,2019-09-22,16:14:19, 17:14:19,324,22,FALSE,2019-09-05
155,187,118,2019-05-06,20:52:02, 21:52:02,435,19,FALSE,2019-05-19
156,67,440,2019-04-30,1:39:18, 02:39:18,358,14,TRUE,2020-01-23
157,735,759,2019-12-21,22:22:01, 23:22:01,255,13,FALSE,2019-06-13
158,740,981,2020-02-06,16:25:17, 17:25:17,373,3,TRUE,2019-12-19
159,909,430,2019-10-20,13:36:48, 14:36:48,19,11,FALSE,2020-04-07
160,623,969,2019-11-27,5:25:38, 06:25:38,383,16,FALSE,2019-11-18
161,251,792,2019-09-07,3:52:41, 04:52:41,53,7,TRUE,2020-02-26
162,697,965,2020-01-03,5:33:08, 06:33:08,230,8,TRUE,2019-10-24
163,323,691,2019-05-03,20:34:25, 21:34:25,162,12,TRUE,2019-05-01
164,471,145,2020-03-01,11:37:14, 12:37:14,311,20,FALSE,2019-11-05
165,508,525,2019-10-23,4:31:53, 05:31:53,74,5,FALSE,2019-09-01
166,788,338,2020-02-08,17:45:56, 18:45:56,459,22,TRUE,2019-05-22
167,285,459,2019-11-06,20:24:37, 21:24:37,454,19,TRUE,2019-12-17
168,855,276,2020-01-08,21:51:24, 22:51:24,321,15,FALSE,2020-02-16
169,803,193,2019-10-12,5:54:49, 06:54:49,88,22,TRUE,2019-06-09
170,929,261,2019-08-02,4:59:26, 05:59:26,136,22,FALSE,2020-02-18
171,122,115,2019-12-13,8:18:53, 09:18:53,90,1,FALSE,2020-01-17
172,404,416,2019-09-07,13:06:42, 14:06:42,300,7,FALSE,2019-04-29
173,599,124,2019-12-24,13:19:08, 14:19:08,98,15,TRUE,2019-06-03
174,316,953,2019-09-06,12:34:36, 13:34:36,234,17,FALSE,2019-08-27
175,249,987,2019-06-02,10:04:40, 11:04:40,8,10,FALSE,2019-11-25
176,128,882,2020-01-22,20:11:45, 21:11:45,418,22,FALSE,2020-02-19
177,206,726,2019-08-18,15:25:48, 16:25:48,303,16,FALSE,2019-10-30
178,240,250,2019-12-04,4:25:34, 05:25:34,438,5,FALSE,2019-07-15
179,251,448,2020-02-06,6:41:01, 07:41:01,433,3,TRUE,2019-08-16
180,913,15,2019-09-06,10:36:41, 11:36:41,391,18,FALSE,2019-08-07
181,66,768,2020-04-20,5:32:20, 06:32:20,275,22,TRUE,2019-11-15
182,297,737,2020-02-19,10:46:53, 11:46:53,353,15,TRUE,2019-10-25
183,189,717,2019-07-13,1:18:19, 02:18:19,62,2,TRUE,2019-05-30
184,263,688,2019-07-12,19:39:01, 20:39:01,105,19,FALSE,2019-11-08
185,164,888,2019-07-26,12:14:25, 13:14:25,219,9,TRUE,2020-03-18
186,392,547,2019-11-10,17:37:03, 18:37:03,454,5,FALSE,2020-01-27
187,160,937,2020-01-31,20:08:30, 21:08:30,404,4,FALSE,2020-03-14
188,742,911,2020-03-30,18:14:55, 19:14:55,163,18,TRUE,2019-06-25
189,449,447,2019-07-22,18:45:50, 19:45:50,74,4,FALSE,2019-06-11
190,224,977,2019-11-17,2:24:38, 03:24:38,438,17,TRUE,2019-11-22
191,963,488,2019-11-07,0:39:12, 01:39:12,95,3,FALSE,2020-02-01
192,359,144,2019-09-27,11:02:11, 12:02:11,438,9,FALSE,2019-11-03
193,45,868,2019-08-09,13:22:22, 14:22:22,453,22,FALSE,2019-10-25
194,423,838,2019-06-07,0:46:26, 01:46:26,5,7,TRUE,2019-07-31
195,105,963,2019-08-18,18:44:26, 19:44:26,361,11,TRUE,2019-12-30
196,898,88,2019-08-18,14:28:21, 15:28:21,19,15,TRUE,2020-04-18
197,206,798,2020-03-22,21:23:49, 22:23:49,405,3,TRUE,2019-04-24
198,172,247,2020-02-03,5:40:15, 06:40:15,445,11,FALSE,2019-09-22
199,547,446,2019-12-31,14:49:39, 15:49:39,64,16,TRUE,2019-06-19
200,644,766,2020-01-17,15:25:54, 16:25:54,378,15,TRUE,2020-03-05
201,800,345,2019-11-19,3:45:28, 04:45:28,279,15,TRUE,2019-09-09
202,853,265,2019-05-08,14:53:00, 15:53:00,120,1,FALSE,2019-10-04
203,252,65,2019-07-05,7:34:01, 08:34:01,482,15,TRUE,2019-05-26
209,759,523,2019-06-09,18:28:59, 19:28:59,482,1,FALSE,2020-02-21
210,107,680,2019-11-06,0:07:13, 01:07:13,340,8,TRUE,2019-09-12
211,516,220,2020-01-27,15:00:55, 16:00:55,91,22,FALSE,2019-09-23
212,910,455,2019-08-25,7:25:06, 08:25:06,113,14,TRUE,2019-05-02
213,934,974,2019-08-20,18:41:48, 19:41:48,358,5,FALSE,2019-11-10
214,589,168,2019-10-09,5:39:41, 06:39:41,356,18,TRUE,2019-07-01
215,853,181,2019-11-09,9:01:38, 10:01:38,52,19,FALSE,2019-12-12
216,444,355,2019-08-28,1:21:34, 02:21:34,137,11,FALSE,2020-01-10
217,844,880,2019-08-14,8:35:05, 09:35:05,193,2,FALSE,2019-12-12
218,421,297,2019-09-10,18:56:46, 19:56:46,152,20,FALSE,2019-05-07
219,342,281,2019-11-28,9:00:19, 10:00:19,176,13,FALSE,2020-03-31
220,874,608,2019-10-04,19:39:27, 20:39:27,3,13,FALSE,2019-07-06
221,693,151,2019-10-29,2:53:40, 03:53:40,235,20,TRUE,2019-08-26
222,883,932,2020-01-10,10:07:58, 11:07:58,371,18,TRUE,2019-07-01
223,915,964,2020-02-02,0:49:31, 01:49:31,265,17,TRUE,2020-03-26
224,548,503,2020-02-20,17:31:47, 18:31:47,294,7,FALSE,2019-12-28
225,92,161,2019-06-14,21:18:02, 22:18:02,289,22,FALSE,2019-05-24
226,303,6,2019-12-24,11:16:09, 12:16:09,49,20,TRUE,2019-06-12
227,265,59,2020-03-30,10:41:22, 11:41:22,491,22,TRUE,2019-05-13
228,898,312,2019-10-04,13:42:34, 14:42:34,490,7,FALSE,2020-03-11
229,767,15,2020-02-16,7:14:52, 08:14:52,472,1,TRUE,2019-05-21
230,291,874,2020-03-06,10:17:31, 11:17:31,468,8,FALSE,2019-06-11
231,975,348,2019-12-28,5:35:03, 06:35:03,219,3,TRUE,2020-02-16
232,627,446,2019-07-11,4:52:20, 05:52:20,132,17,FALSE,2019-08-26
233,197,954,2020-03-10,6:53:11, 07:53:11,211,4,TRUE,2019-06-19
234,588,583,2020-02-27,20:08:02, 21:08:02,408,11,TRUE,2019-10-23
238,691,589,2020-02-26,15:43:53, 16:43:53,287,17,TRUE,2019-08-31
239,103,644,2020-02-01,3:43:39, 04:43:39,161,17,TRUE,2019-07-02
240,173,786,2019-11-15,14:19:39, 15:19:39,3,9,TRUE,2020-04-09
241,338,832,2019-06-06,1:21:48, 02:21:48,237,8,FALSE,2019-09-25
242,699,494,2020-01-21,3:33:32, 04:33:32,318,3,TRUE,2019-06-25
243,168,968,2019-05-09,22:39:01, 23:39:01,329,17,FALSE,2019-09-13
244,830,217,2019-05-21,15:16:17, 16:16:17,132,20,TRUE,2019-05-26
245,498,591,2019-10-03,17:16:11, 18:16:11,270,5,TRUE,2019-06-04
246,108,759,2020-04-03,8:03:31, 09:03:31,461,11,FALSE,2019-10-13
247,552,802,2020-04-13,19:45:32, 20:45:32,356,16,FALSE,2020-03-04
248,631,763,2019-10-02,11:34:13, 12:34:13,112,17,TRUE,2019-05-29
249,141,93,2020-01-01,18:55:29, 19:55:29,302,20,FALSE,2019-10-16
250,155,817,2019-12-26,6:08:35, 07:08:35,110,18,TRUE,2019-05-29
251,243,217,2019-08-19,1:35:02, 02:35:02,147,4,FALSE,2019-04-25
252,395,372,2020-01-18,9:01:36, 10:01:36,472,1,FALSE,2019-05-29
253,480,231,2019-05-27,0:41:54, 01:41:54,44,11,FALSE,2020-04-11
254,707,383,2020-01-08,4:27:37, 05:27:37,117,19,TRUE,2019-10-27
255,468,329,2019-05-25,5:25:39, 06:25:39,404,15,TRUE,2019-08-18
260,972,159,2019-05-31,13:45:29, 14:45:29,270,7,FALSE,2019-11-20
261,279,917,2019-12-13,19:34:40, 20:34:40,467,19,TRUE,2020-01-22
262,47,404,2019-11-18,7:07:46, 08:07:46,252,19,FALSE,2019-06-17
263,702,746,2019-10-21,6:48:39, 07:48:39,462,4,TRUE,2019-08-12
264,28,220,2019-11-19,21:12:26, 22:12:26,444,7,TRUE,2019-11-11
265,195,947,2019-12-16,5:42:39, 06:42:39,76,1,FALSE,2019-08-17
266,533,817,2019-09-15,20:06:58, 21:06:58,27,13,FALSE,2020-02-21
267,903,900,2020-01-17,20:29:50, 21:29:50,174,18,TRUE,2019-12-26
268,963,756,2019-07-07,16:24:27, 17:24:27,174,13,TRUE,2020-04-10
269,533,345,2020-04-01,10:40:53, 11:40:53,480,1,FALSE,2020-01-18
270,116,88,2020-03-23,8:33:27, 09:33:27,147,20,TRUE,2020-02-29
271,853,88,2019-09-19,21:13:06, 22:13:06,201,22,TRUE,2019-06-01
272,874,883,2019-12-14,12:29:32, 13:29:32,467,2,FALSE,2020-02-05
273,272,334,2019-10-27,17:08:00, 18:08:00,186,1,TRUE,2019-11-19
274,893,90,2019-08-01,20:18:36, 21:18:36,332,20,TRUE,2019-06-12
275,949,546,2019-11-07,19:37:44, 20:37:44,128,21,TRUE,2020-03-21
276,207,868,2019-07-01,9:52:23, 10:52:23,347,10,TRUE,2020-01-11
277,234,955,2019-09-03,5:54:39, 06:54:39,191,16,FALSE,2019-09-21
278,690,330,2019-11-25,18:23:42, 19:23:42,69,20,FALSE,2019-06-14
285,193,502,2020-04-09,0:58:39, 01:58:39,24,22,FALSE,2020-04-14
286,687,830,2020-01-07,22:24:12, 23:24:12,209,7,TRUE,2019-07-09
287,191,605,2019-07-24,16:12:51, 17:12:51,313,7,FALSE,2020-03-27
288,369,248,2020-03-13,1:51:36, 02:51:36,276,4,TRUE,2019-08-30
289,325,186,2019-11-12,13:20:18, 14:20:18,323,8,FALSE,2020-04-03
290,629,701,2019-07-04,22:34:32, 23:34:32,453,3,FALSE,2019-07-01
294,185,92,2020-01-08,2:16:42, 03:16:42,237,22,FALSE,2020-02-24
295,598,562,2019-08-12,11:27:54, 12:27:54,490,6,FALSE,2019-06-13
296,785,563,2020-02-29,12:05:30, 13:05:30,387,22,FALSE,2019-05-23
297,506,301,2019-07-25,8:06:02, 09:06:02,72,5,TRUE,2020-03-12
298,409,581,2020-02-12,20:23:01, 21:23:01,212,10,TRUE,2020-03-09
299,756,776,2020-04-05,2:14:55, 03:14:55,176,17,TRUE,2019-04-28
300,833,453,2019-09-03,18:46:35, 19:46:35,424,7,FALSE,2019-05-02
301,340,569,2019-11-19,11:39:45, 12:39:45,248,12,FALSE,2020-02-29
302,40,793,2019-06-01,3:17:35, 04:17:35,460,11,TRUE,2019-10-03
303,16,618,2019-12-28,13:28:20, 14:28:20,493,9,FALSE,2019-11-05
304,282,138,2019-09-30,0:15:47, 01:15:47,225,3,TRUE,2019-10-01
305,118,869,2019-10-12,0:13:34, 01:13:34,472,14,FALSE,2020-03-07
306,977,352,2019-09-07,8:59:41, 09:59:41,46,8,TRUE,2019-06-09
307,479,29,2019-06-22,12:40:27, 13:40:27,57,2,TRUE,2020-02-05
308,940,241,2019-04-25,4:29:51, 05:29:51,273,3,FALSE,2020-01-10
309,368,825,2020-02-23,22:08:52, 23:08:52,217,13,TRUE,2019-08-02
310,941,733,2019-12-04,16:13:35, 17:13:35,161,10,TRUE,2020-01-20
311,677,304,2019-08-20,20:59:02, 21:59:02,252,6,TRUE,2019-09-07
312,331,67,2020-03-22,4:21:03, 05:21:03,337,22,TRUE,2019-07-17
313,872,828,2019-05-01,7:21:29, 08:21:29,202,8,TRUE,2019-06-25
314,58,633,2020-01-03,13:54:52, 14:54:52,328,1,TRUE,2019-08-17
315,501,905,2019-12-22,0:36:38, 01:36:38,235,19,FALSE,2019-05-26
316,200,95,2019-06-17,8:11:51, 09:11:51,285,18,FALSE,2020-01-28
317,750,707,2019-12-22,15:46:16, 16:46:16,155,20,FALSE,2020-03-04
318,467,753,2020-03-17,9:10:01, 10:10:01,212,15,TRUE,2019-10-30
319,695,933,2019-10-25,1:40:40, 02:40:40,447,22,FALSE,2020-04-19
320,322,277,2020-02-17,5:23:32, 06:23:32,285,7,TRUE,2019-05-29
321,313,135,2020-01-25,11:11:01, 12:11:01,300,22,TRUE,2019-08-07
322,206,147,2019-12-17,20:23:21, 21:23:21,314,1,FALSE,2019-08-15
323,178,619,2019-04-30,13:34:05, 14:34:05,198,1,FALSE,2019-12-01
324,248,60,2020-04-16,19:21:27, 20:21:27,334,10,TRUE,2020-04-19
325,341,550,2019-12-14,6:27:15, 07:27:15,244,21,TRUE,2020-03-21
326,162,78,2019-06-05,12:52:07, 13:52:07,123,7,TRUE,2019-12-29
327,891,397,2019-07-05,0:28:14, 01:28:14,30,20,TRUE,2019-09-25
328,284,599,2020-01-26,21:15:52, 22:15:52,23,21,TRUE,2019-12-28
329,618,67,2019-05-21,13:09:05, 14:09:05,312,6,FALSE,2019-07-12
330,488,277,2019-05-29,12:02:30, 13:02:30,289,2,FALSE,2019-06-10
331,160,89,2019-12-06,15:39:42, 16:39:42,67,6,FALSE,2019-07-07
332,121,369,2020-02-06,0:18:07, 01:18:07,103,14,FALSE,2019-09-14
333,730,574,2019-05-21,0:53:43, 01:53:43,182,21,TRUE,2019-09-24
334,847,586,2020-03-06,5:01:12, 06:01:12,223,10,TRUE,2019-12-16
335,994,73,2019-10-15,5:06:08, 06:06:08,204,8,FALSE,2020-02-28
336,493,31,2019-06-30,19:56:39, 20:56:39,499,9,TRUE,2019-05-11
337,911,61,2019-09-01,9:17:56, 10:17:56,442,13,FALSE,2019-04-23
338,407,924,2019-07-12,14:55:42, 15:55:42,56,18,TRUE,2019-11-29
339,299,542,2020-04-07,18:59:32, 19:59:32,393,5,TRUE,2019-04-23
340,203,204,2020-01-14,5:00:15, 06:00:15,110,4,FALSE,2019-07-01
341,838,639,2019-07-23,3:10:18, 04:10:18,466,17,TRUE,2019-07-01
342,846,178,2019-07-18,14:14:45, 15:14:45,279,18,TRUE,2019-09-13
343,334,283,2020-02-11,8:46:07, 09:46:07,440,10,FALSE,2019-07-01
344,80,559,2019-08-22,22:00:51, 23:00:51,210,2,FALSE,2020-02-16
345,892,495,2020-02-03,5:47:22, 06:47:22,42,8,TRUE,2019-08-27
346,729,580,2019-07-06,22:45:28, 23:45:28,187,3,FALSE,2020-02-02
347,163,586,2020-04-12,16:51:24, 17:51:24,69,16,FALSE,2019-09-25
348,461,493,2020-01-24,8:59:40, 09:59:40,438,10,TRUE,2019-07-26
349,191,474,2020-04-07,4:54:47, 05:54:47,386,3,TRUE,2019-12-29
350,672,477,2020-01-31,5:42:36, 06:42:36,19,8,TRUE,2019-12-01
351,244,749,2019-12-11,6:50:15, 07:50:15,275,3,TRUE,2020-02-12
352,983,32,2019-09-21,16:00:04, 17:00:04,442,22,FALSE,2019-08-13
353,209,123,2020-02-09,22:44:15, 23:44:15,132,19,FALSE,2019-06-28
357,292,213,2020-04-04,12:09:10, 13:09:10,103,18,FALSE,2019-07-02
358,911,90,2019-06-20,10:50:51, 11:50:51,99,10,TRUE,2019-08-09
359,510,309,2019-09-14,11:26:12, 12:26:12,297,1,FALSE,2020-04-02
360,581,756,2019-12-06,19:52:36, 20:52:36,480,4,FALSE,2019-11-25
361,41,389,2019-06-16,4:43:55, 05:43:55,373,5,TRUE,2019-12-21
362,716,120,2020-02-26,1:14:23, 02:14:23,3,16,FALSE,2019-11-06
363,781,530,2019-05-04,4:50:41, 05:50:41,488,7,TRUE,2020-04-18
364,756,821,2019-05-02,5:01:16, 06:01:16,429,13,FALSE,2020-04-20
365,685,859,2019-05-15,7:37:54, 08:37:54,133,17,FALSE,2019-10-11
366,254,25,2020-04-22,10:36:11, 11:36:11,158,7,TRUE,2020-02-13
367,497,210,2019-07-10,5:44:56, 06:44:56,489,5,TRUE,2019-12-25
368,682,448,2020-03-22,3:01:17, 04:01:17,218,18,TRUE,2019-09-21
369,831,628,2019-10-08,18:46:36, 19:46:36,429,13,FALSE,2019-05-07
370,349,982,2020-03-04,16:23:01, 17:23:01,98,10,FALSE,2019-12-13
371,617,18,2019-08-03,0:58:29, 01:58:29,495,14,TRUE,2019-08-14
372,638,327,2019-07-17,6:48:04, 07:48:04,490,20,FALSE,2019-11-08
373,520,830,2019-12-10,20:21:35, 21:21:35,189,11,FALSE,2020-03-25
374,564,170,2019-06-02,15:52:54, 16:52:54,114,7,FALSE,2019-05-27
375,136,254,2019-06-07,13:26:43, 14:26:43,63,8,FALSE,2019-12-08
376,275,314,2019-09-11,10:24:04, 11:24:04,337,16,TRUE,2020-01-27
377,655,213,2019-08-14,7:08:45, 08:08:45,235,16,TRUE,2019-11-08
378,944,800,2019-07-03,6:03:51, 07:03:51,321,6,FALSE,2019-09-22
379,154,798,2020-01-31,17:15:34, 18:15:34,159,11,FALSE,2019-06-26
380,940,913,2019-06-14,17:43:34, 18:43:34,362,1,TRUE,2020-01-15
381,551,867,2019-09-21,12:14:07, 13:14:07,305,8,TRUE,2019-11-12
382,517,595,2020-04-14,14:46:02, 15:46:02,209,18,TRUE,2019-06-16
383,322,762,2020-01-17,15:14:14, 16:14:14,39,6,TRUE,2019-08-09
384,198,97,2019-05-21,18:34:30, 19:34:30,19,2,TRUE,2019-05-31
385,794,314,2019-08-07,4:44:48, 05:44:48,394,14,FALSE,2019-07-29
386,701,541,2019-07-04,10:59:14, 11:59:14,406,9,TRUE,2019-07-14
387,885,45,2020-04-16,11:34:10, 12:34:10,245,9,FALSE,2019-11-03
388,600,321,2019-06-07,0:36:19, 01:36:19,25,21,FALSE,2020-03-31
389,665,856,2020-02-01,5:25:05, 06:25:05,110,10,TRUE,2019-06-05
390,392,432,2019-06-10,2:47:45, 03:47:45,407,1,TRUE,2019-12-11
391,291,125,2019-07-09,3:06:57, 04:06:57,195,4,FALSE,2019-11-17
392,539,214,2019-09-13,7:44:07, 08:44:07,225,15,FALSE,2019-12-24
393,169,596,2019-08-16,19:28:51, 20:28:51,186,20,FALSE,2020-01-10
394,929,193,2019-05-28,3:19:55, 04:19:55,499,16,TRUE,2019-08-21
395,166,620,2019-12-14,7:36:09, 08:36:09,356,21,FALSE,2020-02-14
396,605,576,2019-09-27,0:39:41, 01:39:41,265,15,TRUE,2019-07-24
397,851,961,2019-08-14,14:18:37, 15:18:37,14,12,TRUE,2019-09-26
398,666,195,2019-12-06,9:42:23, 10:42:23,4,16,TRUE,2019-12-16
400,986,675,2019-07-16,15:29:27, 16:29:27,195,21,TRUE,2020-03-22
401,917,527,2019-06-27,2:47:24, 03:47:24,481,3,TRUE,2019-06-06
402,675,833,2019-09-19,10:49:41, 11:49:41,240,19,FALSE,2019-07-08
403,415,634,2019-12-19,14:15:39, 15:15:39,329,9,FALSE,2019-07-22
404,303,632,2020-04-09,22:07:01, 23:07:01,206,17,TRUE,2020-01-19
405,167,23,2019-11-01,20:12:00, 21:12:00,384,3,TRUE,2019-05-25
406,819,883,2020-01-01,17:52:54, 18:52:54,256,9,FALSE,2020-01-14
407,977,610,2019-09-08,12:46:47, 13:46:47,14,8,TRUE,2020-01-28
408,749,257,2019-07-29,17:54:45, 18:54:45,368,22,FALSE,2019-09-01
409,488,615,2019-12-15,14:58:27, 15:58:27,136,6,TRUE,2020-03-28
410,157,206,2019-08-27,14:27:47, 15:27:47,1,9,TRUE,2020-03-05
411,207,961,2019-05-01,13:11:21, 14:11:21,27,21,FALSE,2019-09-07
412,583,978,2019-06-07,8:33:16, 09:33:16,290,7,TRUE,2020-03-17
413,232,845,2019-10-21,0:45:08, 01:45:08,184,5,TRUE,2019-10-01
414,415,772,2019-08-16,3:51:33, 04:51:33,331,20,FALSE,2019-11-14
415,704,578,2020-03-10,5:56:04, 06:56:04,147,14,TRUE,2020-03-11
416,186,406,2019-09-21,11:29:16, 12:29:16,67,4,FALSE,2020-01-19
419,271,234,2019-08-15,17:28:42, 18:28:42,308,19,TRUE,2019-11-01
420,15,989,2019-11-20,12:42:14, 13:42:14,320,17,TRUE,2019-06-10
421,585,917,2019-05-03,9:15:12, 10:15:12,76,7,TRUE,2019-06-18
422,751,517,2020-04-03,9:50:32, 10:50:32,196,13,TRUE,2020-03-31
423,134,897,2020-01-13,10:03:43, 11:03:43,131,8,TRUE,2020-04-07
424,231,387,2019-09-28,2:13:18, 03:13:18,424,16,TRUE,2019-11-14
425,114,799,2019-12-01,5:41:07, 06:41:07,12,5,FALSE,2019-11-30
426,433,140,2019-06-01,22:08:18, 23:08:18,138,7,TRUE,2019-10-14
427,778,348,2019-08-23,20:17:11, 21:17:11,77,18,FALSE,2020-01-18
428,930,170,2019-08-18,5:24:33, 06:24:33,96,20,TRUE,2019-04-30
429,937,584,2020-03-10,16:55:45, 17:55:45,104,10,FALSE,2019-06-07
430,673,542,2019-12-01,3:12:20, 04:12:20,205,10,FALSE,2019-10-21
431,969,673,2020-04-12,8:02:13, 09:02:13,411,5,TRUE,2020-04-05
432,816,548,2020-02-14,13:43:16, 14:43:16,404,8,FALSE,2019-09-09
433,963,742,2019-06-30,22:23:27, 23:23:27,374,12,FALSE,2019-10-13
434,169,75,2019-09-03,13:05:30, 14:05:30,136,4,FALSE,2019-09-10
435,463,32,2020-02-24,3:24:31, 04:24:31,209,4,TRUE,2019-11-15
436,35,106,2020-01-17,13:50:51, 14:50:51,477,19,TRUE,2020-01-16
437,456,501,2019-08-26,11:48:44, 12:48:44,484,3,FALSE,2020-02-04
438,820,978,2019-08-06,11:03:31, 12:03:31,270,8,TRUE,2019-05-25
439,480,471,2019-10-24,10:31:54, 11:31:54,328,20,FALSE,2019-05-26
440,373,338,2019-05-09,4:22:22, 05:22:22,357,12,FALSE,2019-09-11
441,663,188,2019-05-03,19:33:55, 20:33:55,71,11,TRUE,2019-06-05
442,59,354,2020-01-22,5:19:15, 06:19:15,47,10,TRUE,2019-10-04
443,494,92,2019-05-08,3:25:50, 04:25:50,35,13,TRUE,2019-06-03
444,842,849,2020-01-17,14:21:23, 15:21:23,7,13,FALSE,2019-11-06
445,845,363,2019-08-23,8:55:32, 09:55:32,229,3,FALSE,2020-04-21
446,922,724,2020-04-17,9:12:19, 10:12:19,445,1,TRUE,2019-08-16
447,405,573,2019-10-23,5:29:49, 06:29:49,108,22,FALSE,2020-04-09
448,672,369,2019-12-05,22:01:32, 23:01:32,107,1,TRUE,2019-05-25
449,520,964,2019-04-28,17:26:29, 18:26:29,442,3,TRUE,2020-04-14
450,770,432,2020-03-18,10:56:18, 11:56:18,442,2,FALSE,2019-11-11
451,934,392,2019-12-12,18:54:49, 19:54:49,496,4,FALSE,2019-08-30
452,201,599,2019-10-11,2:03:35, 03:03:35,381,17,TRUE,2019-05-28
453,519,621,2019-09-17,19:35:40, 20:35:40,96,14,TRUE,2020-03-13
454,666,113,2019-07-13,11:19:50, 12:19:50,152,18,FALSE,2019-11-20
455,434,634,2019-09-23,21:12:56, 22:12:56,310,21,FALSE,2020-01-30
456,146,32,2020-04-14,7:30:26, 08:30:26,485,21,FALSE,2019-08-21
457,593,828,2019-11-20,2:02:49, 03:02:49,85,3,TRUE,2019-11-12
458,880,391,2019-09-04,18:51:34, 19:51:34,365,20,FALSE,2019-10-18
459,381,927,2019-09-27,16:08:49, 17:08:49,274,1,TRUE,2019-10-04
460,186,834,2020-01-12,14:34:34, 15:34:34,200,12,TRUE,2019-10-28
461,271,304,2019-05-15,14:20:15, 15:20:15,435,15,TRUE,2019-09-20
462,779,794,2020-03-02,19:05:47, 20:05:47,78,17,TRUE,2020-04-20
463,40,812,2019-12-29,4:27:10, 05:27:10,398,10,FALSE,2019-09-19
464,480,457,2019-09-02,10:16:54, 11:16:54,348,20,TRUE,2019-06-28
465,942,733,2019-05-08,6:02:00, 07:02:00,291,2,FALSE,2019-10-31
466,719,574,2019-09-03,17:04:37, 18:04:37,89,7,FALSE,2019-08-30
467,83,558,2019-10-20,6:03:29, 07:03:29,36,22,FALSE,2019-11-14
468,172,70,2020-03-10,9:16:36, 10:16:36,433,11,FALSE,2019-12-29
469,242,558,2019-11-03,19:19:53, 20:19:53,254,10,FALSE,2020-03-25
470,838,266,2019-05-24,16:38:04, 17:38:04,99,11,TRUE,2019-11-06
471,180,208,2019-08-30,11:40:15, 12:40:15,224,16,FALSE,2019-08-28
472,939,516,2019-12-17,10:28:15, 11:28:15,206,4,TRUE,2019-06-11
473,448,718,2019-08-12,20:42:13, 21:42:13,204,1,FALSE,2019-10-30
474,316,981,2019-05-06,3:57:36, 04:57:36,306,4,FALSE,2019-05-05
475,941,446,2020-04-09,6:20:06, 07:20:06,170,19,FALSE,2020-01-11
476,846,117,2019-05-25,6:22:27, 07:22:27,464,12,TRUE,2019-09-23
477,404,191,2019-11-06,22:07:18, 23:07:18,300,18,TRUE,2020-02-08
478,29,832,2019-07-08,18:54:59, 19:54:59,317,6,TRUE,2019-12-07
479,999,115,2019-11-16,12:51:47, 13:51:47,255,16,FALSE,2019-06-30
480,70,346,2020-04-16,12:04:12, 13:04:12,124,16,TRUE,2020-02-16
481,286,846,2019-11-25,5:36:45, 06:36:45,295,3,TRUE,2019-10-20
482,536,556,2019-10-23,6:35:31, 07:35:31,146,12,FALSE,2019-10-14
483,132,299,2019-10-28,19:11:38, 20:11:38,116,7,FALSE,2019-10-15
484,431,485,2019-08-03,4:39:24, 05:39:24,361,3,FALSE,2020-02-10
485,189,324,2019-07-31,22:32:50, 23:32:50,413,2,TRUE,2020-03-19
486,43,387,2019-10-24,16:06:47, 17:06:47,88,7,FALSE,2019-09-02
487,203,341,2019-11-25,16:50:38, 17:50:38,95,13,FALSE,2019-07-29
488,986,442,2020-01-07,9:17:22, 10:17:22,445,12,TRUE,2019-06-07
489,158,496,2020-01-31,8:56:01, 09:56:01,62,18,TRUE,2020-02-17
490,271,524,2019-12-01,11:01:36, 12:01:36,459,16,TRUE,2019-12-09
491,197,164,2019-12-04,3:08:38, 04:08:38,330,18,TRUE,2019-04-23
492,183,933,2020-01-13,16:47:22, 17:47:22,262,11,TRUE,2020-04-16
493,188,432,2019-10-26,11:30:32, 12:30:32,245,3,TRUE,2019-10-11
494,24,957,2019-06-05,7:35:22, 08:35:22,29,18,FALSE,2019-07-22
495,549,987,2020-03-09,10:48:06, 11:48:06,492,19,FALSE,2020-03-03
496,642,375,2020-03-15,21:28:02, 22:28:02,139,18,TRUE,2019-05-06
497,847,913,2019-12-17,18:58:02, 19:58:02,500,18,TRUE,2019-07-26
498,464,195,2020-01-23,16:40:29, 17:40:29,97,4,TRUE,2019-09-24
499,596,731,2020-03-11,21:34:06, 22:34:06,196,16,TRUE,2019-09-20
500,195,268,2020-03-14,22:31:20, 23:31:20,86,10,TRUE,2020-01-10
501,633,83,2020-02-08,19:12:48, 20:12:48,3,7,FALSE,2019-09-18
502,790,932,2019-12-21,17:15:05, 18:15:05,443,9,TRUE,2020-04-15
503,732,813,2019-11-09,14:40:56, 15:40:56,364,2,TRUE,2020-01-14
504,193,467,2019-07-01,15:20:03, 16:20:03,262,11,FALSE,2020-03-20
505,749,721,2019-11-18,14:44:19, 15:44:19,454,15,FALSE,2019-07-07
506,245,461,2019-06-01,20:43:10, 21:43:10,459,6,TRUE,2019-11-05
507,918,551,2019-05-26,5:16:29, 06:16:29,75,22,FALSE,2020-03-19
508,705,149,2019-12-05,2:29:10, 03:29:10,372,20,TRUE,2019-07-30
509,552,658,2019-08-15,19:12:18, 20:12:18,149,22,TRUE,2019-11-11
510,464,342,2019-11-18,4:48:32, 05:48:32,12,3,FALSE,2020-02-08
511,256,64,2020-04-04,12:39:18, 13:39:18,401,5,FALSE,2019-10-31
512,139,70,2020-04-18,1:14:26, 02:14:26,447,20,FALSE,2019-10-28
513,762,520,2019-11-03,6:43:49, 07:43:49,302,6,TRUE,2019-09-09
514,384,765,2020-01-29,9:17:28, 10:17:28,186,11,TRUE,2020-03-10
515,943,827,2019-11-28,22:43:41, 23:43:41,352,22,TRUE,2019-07-27
516,76,204,2019-10-31,22:42:29, 23:42:29,138,7,FALSE,2020-04-18
518,424,845,2019-09-27,16:00:48, 17:00:48,8,22,FALSE,2019-08-07
519,127,930,2019-09-13,16:31:55, 17:31:55,68,18,TRUE,2019-11-08
520,392,749,2019-08-31,1:45:38, 02:45:38,218,3,FALSE,2020-01-11
521,429,725,2019-06-24,13:31:27, 14:31:27,360,10,FALSE,2019-07-15
524,470,205,2020-03-28,17:35:30, 18:35:30,182,13,FALSE,2020-03-06
525,408,347,2019-08-22,3:15:30, 04:15:30,253,4,FALSE,2019-06-07
526,259,981,2019-12-27,10:48:18, 11:48:18,124,13,TRUE,2019-10-23
527,947,147,2019-07-26,4:33:00, 05:33:00,88,14,FALSE,2020-02-01
528,752,676,2020-02-04,3:05:21, 04:05:21,180,16,FALSE,2020-01-30
529,624,340,2019-10-31,16:38:18, 17:38:18,12,4,TRUE,2020-03-20
530,145,576,2020-01-17,6:31:33, 07:31:33,418,4,TRUE,2019-09-27
531,760,302,2019-09-16,14:00:03, 15:00:03,463,16,TRUE,2019-07-20
532,271,35,2019-08-17,9:57:59, 10:57:59,240,8,FALSE,2019-06-16
533,406,223,2020-02-17,9:31:40, 10:31:40,320,17,TRUE,2020-01-13
534,216,545,2019-06-09,22:01:55, 23:01:55,293,11,FALSE,2019-05-06
535,352,472,2019-07-22,15:59:20, 16:59:20,227,16,TRUE,2020-03-15
536,575,128,2020-01-23,13:38:00, 14:38:00,418,17,FALSE,2019-12-09
537,142,118,2020-02-19,5:14:58, 06:14:58,368,18,TRUE,2019-09-09
538,57,773,2020-01-06,11:37:09, 12:37:09,419,22,TRUE,2020-04-03
539,268,787,2019-08-27,5:03:14, 06:03:14,234,22,FALSE,2019-09-20
540,373,248,2019-06-10,22:28:15, 23:28:15,102,16,TRUE,2020-01-01
541,395,257,2020-01-06,21:19:16, 22:19:16,131,10,FALSE,2019-04-26
544,619,594,2019-10-25,6:18:48, 07:18:48,495,22,FALSE,2019-10-16
545,781,715,2020-01-24,12:16:47, 13:16:47,425,14,TRUE,2019-10-13
546,143,40,2019-08-21,12:58:08, 13:58:08,230,15,FALSE,2019-10-29
547,686,920,2020-02-09,21:49:27, 22:49:27,475,18,TRUE,2019-10-08
548,289,954,2019-04-26,22:32:44, 23:32:44,239,4,TRUE,2020-04-11
549,754,640,2020-04-21,19:39:15, 20:39:15,246,4,TRUE,2019-05-07
550,790,852,2019-06-19,9:54:08, 10:54:08,142,16,TRUE,2020-02-10
551,872,46,2020-03-10,0:53:40, 01:53:40,21,2,TRUE,2019-08-25
552,553,209,2020-01-20,17:09:33, 18:09:33,352,19,TRUE,2020-02-24
553,573,682,2019-09-25,10:44:18, 11:44:18,235,2,TRUE,2019-06-06
554,728,584,2020-01-02,8:09:16, 09:09:16,377,1,TRUE,2020-03-09
557,983,438,2019-12-20,11:09:03, 12:09:03,369,4,FALSE,2019-12-19
558,413,484,2019-10-18,0:38:51, 01:38:51,479,3,FALSE,2019-12-25
559,975,567,2019-12-22,8:03:15, 09:03:15,164,8,TRUE,2019-08-25
560,765,274,2019-10-25,21:29:47, 22:29:47,228,1,FALSE,2019-08-19
561,682,726,2019-10-08,7:39:01, 08:39:01,260,10,FALSE,2019-07-27
562,176,377,2019-05-01,0:12:10, 01:12:10,459,15,FALSE,2020-03-14
563,196,982,2019-11-01,17:39:57, 18:39:57,495,10,FALSE,2020-02-13
564,137,297,2020-01-18,2:02:33, 03:02:33,474,2,FALSE,2019-06-02
565,312,810,2020-01-15,18:48:10, 19:48:10,52,8,TRUE,2019-10-27
566,445,810,2019-11-27,15:14:26, 16:14:26,52,12,TRUE,2019-09-11
567,100,445,2019-09-04,10:27:28, 11:27:28,496,16,FALSE,2019-12-16
568,993,322,2020-04-02,5:46:24, 06:46:24,81,1,TRUE,2019-08-08
569,501,579,2019-11-22,13:17:47, 14:17:47,283,20,TRUE,2019-09-16
570,67,98,2019-07-26,12:14:20, 13:14:20,213,20,TRUE,2020-02-19
571,728,544,2020-01-10,10:50:40, 11:50:40,52,2,FALSE,2020-01-28
572,720,581,2019-09-08,1:24:49, 02:24:49,261,19,TRUE,2020-03-05
573,883,839,2019-09-01,8:36:57, 09:36:57,290,21,FALSE,2019-04-24
574,426,708,2019-11-13,0:11:18, 01:11:18,175,1,FALSE,2019-06-21
575,859,837,2019-05-29,3:32:46, 04:32:46,77,10,TRUE,2020-04-19
578,968,627,2020-01-24,4:50:39, 05:50:39,94,9,TRUE,2019-12-20
579,832,66,2020-04-12,16:37:00, 17:37:00,160,2,TRUE,2019-10-27
580,876,848,2020-04-11,4:05:14, 05:05:14,172,12,FALSE,2020-03-26
581,453,900,2019-06-19,13:48:18, 14:48:18,60,2,FALSE,2019-12-28
582,523,133,2020-04-11,21:29:03, 22:29:03,445,8,TRUE,2020-01-09
583,243,776,2019-09-16,9:26:31, 10:26:31,164,22,TRUE,2019-09-11
586,835,22,2019-12-12,5:24:58, 06:24:58,207,17,TRUE,2019-11-21
587,766,164,2019-08-11,0:24:10, 01:24:10,126,4,TRUE,2019-04-29
588,439,915,2020-02-26,19:30:00, 20:30:00,65,5,TRUE,2019-06-07
589,724,668,2019-10-11,11:19:54, 12:19:54,41,5,FALSE,2020-02-03
590,423,169,2019-12-29,17:19:49, 18:19:49,138,19,TRUE,2020-03-28
591,793,12,2019-10-16,1:32:42, 02:32:42,177,20,FALSE,2020-02-14
592,587,592,2019-11-06,9:06:56, 10:06:56,215,1,TRUE,2020-04-11
593,880,301,2019-10-24,7:52:43, 08:52:43,5,13,FALSE,2019-11-24
594,353,141,2019-10-05,13:33:40, 14:33:40,455,4,FALSE,2020-01-23
595,470,208,2020-04-11,4:33:15, 05:33:15,479,21,TRUE,2019-11-21
596,132,706,2019-06-21,8:31:54, 09:31:54,85,9,TRUE,2019-07-26
597,777,784,2019-05-02,5:58:02, 06:58:02,427,10,FALSE,2020-02-20
598,69,965,2020-03-07,10:12:41, 11:12:41,472,20,TRUE,2019-09-07
599,716,749,2019-07-06,14:41:22, 15:41:22,40,11,TRUE,2019-12-22
600,657,661,2019-11-05,2:55:40, 03:55:40,3,10,TRUE,2019-10-03
601,267,469,2019-06-26,9:30:00, 10:30:00,466,4,TRUE,2019-04-28
602,302,928,2020-03-24,8:11:30, 09:11:30,500,7,TRUE,2019-12-29
603,53,223,2019-08-24,2:05:26, 03:05:26,25,3,FALSE,2020-03-21
604,428,294,2020-04-03,2:59:04, 03:59:04,327,17,TRUE,2019-06-17
605,202,51,2019-08-10,15:31:20, 16:31:20,400,21,FALSE,2020-03-06
606,776,977,2019-07-11,6:51:00, 07:51:00,406,1,FALSE,2019-08-28
607,945,177,2019-07-23,8:59:56, 09:59:56,154,1,FALSE,2019-09-09
608,266,498,2019-07-10,17:22:22, 18:22:22,87,9,FALSE,2019-10-13
609,673,212,2019-07-25,22:20:08, 23:20:08,291,9,TRUE,2019-06-16
610,707,765,2020-03-06,10:39:15, 11:39:15,271,8,FALSE,2019-12-15
611,134,512,2019-05-04,22:00:50, 23:00:50,63,8,TRUE,2020-03-31
612,687,978,2019-10-18,6:57:03, 07:57:03,50,16,TRUE,2019-06-01
613,965,883,2019-09-20,10:16:13, 11:16:13,231,21,FALSE,2020-02-15
614,234,221,2019-12-05,0:14:05, 01:14:05,204,16,FALSE,2019-10-16
615,91,333,2019-07-08,18:35:08, 19:35:08,492,15,FALSE,2019-10-23
616,83,624,2020-01-29,22:21:35, 23:21:35,309,2,FALSE,2020-04-15
617,760,191,2019-07-14,22:33:36, 23:33:36,9,14,FALSE,2019-11-27
618,891,152,2019-10-23,17:47:15, 18:47:15,84,10,TRUE,2019-07-01
619,620,123,2019-06-12,3:39:27, 04:39:27,21,7,TRUE,2020-03-08
620,507,311,2019-05-02,18:26:15, 19:26:15,57,6,FALSE,2019-11-14
623,45,757,2019-08-21,3:59:16, 04:59:16,68,15,FALSE,2019-08-02
624,740,192,2020-04-22,20:56:00, 21:56:00,463,5,FALSE,2019-11-27
625,812,417,2019-06-16,8:32:58, 09:32:58,485,19,TRUE,2020-04-07
626,913,273,2020-03-03,12:21:29, 13:21:29,63,11,FALSE,2019-10-31
627,12,753,2020-02-27,1:50:26, 02:50:26,280,2,TRUE,2020-04-10
628,27,327,2019-10-19,1:53:56, 02:53:56,430,17,FALSE,2019-06-21
629,821,730,2020-02-09,2:36:40, 03:36:40,231,5,FALSE,2019-08-06
630,813,991,2019-07-01,3:07:34, 04:07:34,224,7,FALSE,2020-04-20
631,924,931,2020-02-25,6:10:29, 07:10:29,51,9,FALSE,2019-09-29
632,802,534,2019-09-24,8:19:10, 09:19:10,149,12,TRUE,2019-06-16
633,886,522,2019-08-24,1:21:12, 02:21:12,4,12,FALSE,2019-06-06
634,823,858,2019-08-24,9:16:15, 10:16:15,335,22,TRUE,2019-05-05
635,967,158,2019-07-25,2:52:52, 03:52:52,454,8,TRUE,2019-06-20
636,603,87,2019-06-06,21:29:39, 22:29:39,268,11,FALSE,2019-12-14
637,948,296,2019-08-26,14:30:04, 15:30:04,382,17,TRUE,2019-08-01
638,978,7,2019-07-05,7:32:06, 08:32:06,19,11,TRUE,2020-01-28
639,372,288,2020-03-15,7:10:11, 08:10:11,42,4,TRUE,2019-05-14
640,719,191,2019-12-22,2:37:56, 03:37:56,218,14,TRUE,2019-08-09
641,496,51,2019-08-16,15:22:37, 16:22:37,448,13,FALSE,2019-06-16
642,86,905,2019-12-05,9:13:14, 10:13:14,376,12,TRUE,2020-01-16
643,768,744,2020-01-19,7:04:27, 08:04:27,432,2,TRUE,2019-12-26
644,732,318,2019-09-15,13:17:57, 14:17:57,460,3,FALSE,2019-12-22
645,529,464,2019-06-11,5:05:32, 06:05:32,118,21,TRUE,2020-02-10
646,875,980,2020-03-26,9:11:33, 10:11:33,412,8,FALSE,2019-11-13
647,207,637,2019-12-29,19:15:59, 20:15:59,388,14,FALSE,2019-07-31
648,141,115,2019-08-24,14:21:58, 15:21:58,288,16,FALSE,2019-11-08
649,570,269,2019-09-01,20:17:47, 21:17:47,129,8,FALSE,2020-02-09
650,536,26,2019-08-13,16:42:42, 17:42:42,253,16,TRUE,2020-02-28
651,174,522,2019-05-12,4:11:30, 05:11:30,342,1,FALSE,2020-01-19
652,902,212,2019-11-09,13:34:49, 14:34:49,367,10,TRUE,2019-06-26
655,498,639,2019-10-15,13:39:36, 14:39:36,148,4,FALSE,2019-06-24
656,88,815,2019-05-22,8:45:24, 09:45:24,22,7,FALSE,2019-04-28
657,320,651,2019-07-16,4:44:23, 05:44:23,148,4,TRUE,2020-01-19
658,716,838,2019-12-16,8:29:23, 09:29:23,437,13,FALSE,2020-01-29
659,427,653,2020-02-16,1:28:40, 02:28:40,42,2,TRUE,2019-12-16
660,355,453,2019-07-08,1:37:32, 02:37:32,403,19,FALSE,2019-07-22
661,605,169,2019-11-19,17:07:36, 18:07:36,319,2,TRUE,2020-04-13
662,105,16,2019-10-24,14:28:43, 15:28:43,113,16,FALSE,2020-01-15
663,63,229,2019-08-15,18:34:58, 19:34:58,140,18,TRUE,2019-10-13
664,55,169,2019-08-21,5:48:31, 06:48:31,349,5,FALSE,2019-07-10
665,195,861,2019-09-12,19:50:25, 20:50:25,84,21,FALSE,2020-02-10
666,234,474,2019-05-20,12:29:38, 13:29:38,12,16,FALSE,2020-03-11
667,988,205,2019-12-16,0:08:31, 01:08:31,452,5,TRUE,2019-11-18
668,739,794,2019-09-07,20:28:00, 21:28:00,2,18,TRUE,2019-09-15
669,823,647,2019-11-17,5:34:05, 06:34:05,195,7,TRUE,2019-05-01
670,444,515,2019-04-27,6:39:16, 07:39:16,264,17,FALSE,2020-02-13
671,900,835,2019-05-25,3:22:44, 04:22:44,495,6,TRUE,2019-09-10
672,416,744,2020-03-10,12:53:08, 13:53:08,453,13,TRUE,2019-09-14
673,754,406,2019-08-02,1:35:58, 02:35:58,164,21,FALSE,2020-04-07
674,535,992,2020-03-23,18:25:23, 19:25:23,53,5,TRUE,2019-12-07
675,92,328,2019-05-18,16:39:51, 17:39:51,335,14,TRUE,2019-07-24
676,629,213,2019-10-14,13:08:26, 14:08:26,187,3,TRUE,2020-03-12
677,943,204,2019-07-25,16:04:33, 17:04:33,350,13,FALSE,2020-02-23
678,323,277,2019-10-20,2:36:32, 03:36:32,107,14,FALSE,2019-12-11
679,951,438,2019-07-13,4:47:40, 05:47:40,218,5,FALSE,2019-11-01
680,194,963,2019-12-27,11:45:39, 12:45:39,345,13,TRUE,2019-10-04
681,810,410,2020-01-16,12:53:34, 13:53:34,458,9,TRUE,2020-03-17
682,727,891,2019-12-19,22:09:20, 23:09:20,310,17,FALSE,2020-04-12
683,609,336,2019-06-18,22:09:58, 23:09:58,310,17,TRUE,2020-03-09
684,124,493,2020-03-10,0:20:33, 01:20:33,286,2,TRUE,2020-04-22
685,974,63,2019-08-31,6:49:20, 07:49:20,217,19,FALSE,2020-01-26
686,587,929,2019-06-15,2:45:41, 03:45:41,151,21,TRUE,2019-05-12
687,716,44,2019-12-01,15:27:54, 16:27:54,158,5,TRUE,2019-06-19
688,916,54,2020-01-19,9:14:01, 10:14:01,12,17,FALSE,2020-03-23
689,801,271,2019-07-24,19:58:09, 20:58:09,187,14,TRUE,2020-04-17
690,361,348,2020-01-29,11:43:05, 12:43:05,252,1,FALSE,2019-10-21
691,827,907,2019-11-13,16:48:13, 17:48:13,210,7,FALSE,2019-07-02
692,208,365,2019-11-12,21:21:43, 22:21:43,180,18,FALSE,2020-01-30
693,466,850,2019-07-31,4:15:39, 05:15:39,343,15,FALSE,2019-06-22
694,478,912,2019-10-07,20:40:47, 21:40:47,116,5,TRUE,2019-07-16
695,602,913,2019-12-23,12:06:59, 13:06:59,162,21,TRUE,2020-02-29
696,361,536,2019-07-12,22:23:31, 23:23:31,411,1,TRUE,2019-09-18
697,767,508,2019-05-02,3:06:05, 04:06:05,17,19,FALSE,2019-09-21
698,440,879,2019-09-02,20:37:18, 21:37:18,405,6,FALSE,2020-01-17
699,872,312,2019-06-06,18:30:09, 19:30:09,78,19,FALSE,2019-11-23
700,490,501,2020-03-30,6:06:09, 07:06:09,174,10,FALSE,2019-08-26
701,81,1,2020-01-22,16:13:05, 17:13:05,95,2,FALSE,2019-07-13
702,20,225,2020-02-02,11:29:57, 12:29:57,470,22,TRUE,2019-09-22
703,166,944,2020-01-19,7:24:46, 08:24:46,59,11,FALSE,2019-05-22
704,198,758,2020-03-22,17:25:40, 18:25:40,466,21,FALSE,2019-06-03
705,352,691,2019-12-06,19:11:50, 20:11:50,97,15,FALSE,2020-02-15
706,605,788,2020-02-09,4:42:28, 05:42:28,74,17,TRUE,2019-07-23
707,447,581,2019-08-19,4:19:50, 05:19:50,40,20,FALSE,2019-11-05
708,351,488,2019-10-11,1:36:30, 02:36:30,10,4,TRUE,2019-08-03
709,370,28,2019-11-04,8:52:17, 09:52:17,23,5,TRUE,2019-11-23
710,590,5,2019-05-17,20:01:42, 21:01:42,32,5,FALSE,2019-12-30
711,508,54,2020-04-07,14:30:59, 15:30:59,63,4,TRUE,2020-01-07
712,938,453,2020-01-11,2:56:20, 03:56:20,266,10,FALSE,2019-07-14
713,231,421,2020-04-06,21:21:59, 22:21:59,126,5,TRUE,2019-09-15
714,668,730,2019-05-25,3:19:39, 04:19:39,391,15,FALSE,2019-09-08
715,396,654,2019-05-08,10:09:59, 11:09:59,381,12,TRUE,2019-12-14
716,221,385,2019-08-17,10:11:05, 11:11:05,97,18,FALSE,2019-08-08
717,90,710,2019-07-10,1:21:46, 02:21:46,269,2,FALSE,2020-02-15
718,135,214,2020-01-27,5:54:28, 06:54:28,466,11,TRUE,2019-06-19
719,615,19,2020-01-15,14:06:38, 15:06:38,302,12,TRUE,2020-02-04
720,843,882,2019-10-23,14:40:00, 15:40:00,345,5,FALSE,2019-12-09
721,328,461,2019-06-19,10:43:21, 11:43:21,469,6,TRUE,2020-02-21
722,712,872,2019-06-23,15:32:30, 16:32:30,314,17,TRUE,2019-08-12
723,79,527,2020-02-17,1:53:52, 02:53:52,341,17,FALSE,2019-08-29
724,491,435,2020-02-12,9:15:49, 10:15:49,417,5,FALSE,2019-09-29
725,319,311,2020-01-09,15:09:02, 16:09:02,134,10,TRUE,2019-08-23
726,265,958,2020-02-21,16:00:05, 17:00:05,371,1,FALSE,2019-10-26
727,629,285,2020-04-18,22:53:44, 23:53:44,492,2,TRUE,2020-02-04
728,560,373,2019-06-27,18:20:16, 19:20:16,382,20,FALSE,2019-12-16
729,621,24,2020-03-31,2:53:06, 03:53:06,388,4,FALSE,2019-10-06
730,533,48,2020-01-28,6:08:06, 07:08:06,390,11,TRUE,2019-09-10
731,833,635,2019-12-23,11:54:06, 12:54:06,181,9,FALSE,2019-12-26
732,239,165,2020-01-21,8:57:49, 09:57:49,184,20,FALSE,2019-06-11
733,441,812,2020-02-16,22:04:26, 23:04:26,236,8,TRUE,2019-04-26
734,863,895,2020-02-15,10:35:59, 11:35:59,194,5,FALSE,2019-12-02
735,663,923,2019-12-29,17:11:50, 18:11:50,236,5,TRUE,2019-07-09
736,23,665,2019-11-12,1:42:37, 02:42:37,80,6,TRUE,2020-03-21
737,849,689,2019-09-16,21:02:00, 22:02:00,371,16,TRUE,2020-04-12
738,536,246,2019-10-26,14:05:09, 15:05:09,361,5,TRUE,2019-07-15
739,758,362,2019-07-16,16:03:14, 17:03:14,116,3,TRUE,2019-10-10
740,653,487,2020-02-24,20:10:05, 21:10:05,195,15,FALSE,2019-12-09
741,882,753,2019-05-16,15:22:31, 16:22:31,345,10,FALSE,2020-01-19
742,861,931,2019-08-27,6:07:33, 07:07:33,406,6,FALSE,2020-03-23
743,693,898,2020-04-21,7:30:12, 08:30:12,140,19,FALSE,2020-02-04
744,239,72,2019-05-16,15:05:40, 16:05:40,141,12,TRUE,2020-01-05
745,939,571,2019-09-21,21:57:55, 22:57:55,80,9,TRUE,2020-03-04
746,944,607,2020-03-09,3:54:33, 04:54:33,128,5,FALSE,2019-12-10
747,910,339,2019-12-13,8:26:16, 09:26:16,89,8,FALSE,2019-12-07
748,39,850,2019-12-05,3:34:41, 04:34:41,286,14,TRUE,2019-10-09
749,824,24,2019-06-01,1:04:58, 02:04:58,482,13,FALSE,2019-12-16
750,73,973,2019-06-12,16:26:03, 17:26:03,128,11,FALSE,2019-11-03
751,142,267,2019-09-22,0:49:38, 01:49:38,86,2,TRUE,2020-02-05
752,742,710,2019-06-18,9:51:07, 10:51:07,457,15,FALSE,2019-06-15
753,942,994,2020-01-20,7:40:07, 08:40:07,248,4,TRUE,2020-03-30
754,121,281,2019-10-15,20:59:50, 21:59:50,38,9,TRUE,2019-06-08
755,912,994,2019-12-15,21:29:50, 22:29:50,268,17,FALSE,2019-04-23
756,616,305,2020-01-30,0:42:19, 01:42:19,198,10,FALSE,2019-12-17
757,77,586,2019-07-31,18:13:35, 19:13:35,286,14,TRUE,2019-11-01
758,715,687,2019-09-07,14:09:23, 15:09:23,450,8,TRUE,2019-07-16
759,337,27,2020-04-15,7:51:12, 08:51:12,322,16,FALSE,2019-06-29
760,953,532,2019-05-04,19:38:16, 20:38:16,469,9,FALSE,2019-06-16
761,875,571,2020-04-06,20:26:59, 21:26:59,476,18,TRUE,2019-12-21
762,890,988,2019-12-31,8:15:38, 09:15:38,178,5,TRUE,2019-12-01
763,180,262,2019-09-02,3:19:48, 04:19:48,148,6,FALSE,2019-10-23
764,751,973,2019-11-03,11:43:38, 12:43:38,279,7,FALSE,2020-04-20
765,901,696,2019-12-10,2:38:15, 03:38:15,64,10,TRUE,2019-12-20
766,573,844,2019-09-24,14:04:06, 15:04:06,199,19,FALSE,2020-02-17
767,277,66,2019-09-19,17:52:09, 18:52:09,255,5,FALSE,2019-05-14
769,346,979,2019-09-28,3:36:02, 04:36:02,497,17,FALSE,2019-08-14
770,251,223,2019-09-18,10:30:50, 11:30:50,418,15,FALSE,2020-02-09
771,825,766,2019-05-13,3:37:01, 04:37:01,243,1,FALSE,2020-03-05
772,753,888,2020-02-23,9:27:49, 10:27:49,174,5,FALSE,2020-01-18
773,650,120,2019-05-23,3:22:38, 04:22:38,364,11,FALSE,2019-06-08
774,629,584,2020-01-22,19:34:42, 20:34:42,4,22,TRUE,2019-11-12
775,167,376,2020-02-07,5:19:45, 06:19:45,217,10,FALSE,2019-06-25
776,622,763,2019-09-05,7:39:55, 08:39:55,8,12,TRUE,2019-06-21
777,501,850,2020-04-18,21:10:24, 22:10:24,151,8,TRUE,2019-09-06
778,802,547,2019-10-31,19:54:06, 20:54:06,253,10,TRUE,2019-09-28
779,992,22,2019-06-26,22:32:49, 23:32:49,78,2,TRUE,2020-03-13
780,922,958,2019-09-19,11:18:17, 12:18:17,92,12,FALSE,2020-03-01
781,844,982,2019-09-27,15:01:19, 16:01:19,140,7,FALSE,2020-04-01
784,954,806,2019-07-04,16:57:02, 17:57:02,154,15,FALSE,2020-03-28
785,304,802,2019-05-20,3:19:59, 04:19:59,336,16,FALSE,2020-02-25
786,658,988,2019-11-21,15:21:41, 16:21:41,70,19,TRUE,2019-06-11
787,936,266,2020-02-15,6:00:08, 07:00:08,291,9,FALSE,2019-12-24
788,707,954,2019-05-08,10:55:12, 11:55:12,333,10,FALSE,2019-05-01
789,55,253,2020-01-25,19:07:55, 20:07:55,387,12,TRUE,2019-06-09
790,407,848,2019-05-31,10:25:52, 11:25:52,313,7,FALSE,2019-05-28
791,30,687,2019-07-19,10:39:54, 11:39:54,22,13,FALSE,2020-04-04
792,592,893,2019-11-10,0:15:10, 01:15:10,388,13,FALSE,2019-04-27
793,771,836,2019-12-08,17:31:49, 18:31:49,265,22,TRUE,2019-08-18
794,723,994,2019-11-07,13:08:15, 14:08:15,214,1,FALSE,2020-01-28
795,177,838,2019-12-13,12:59:17, 13:59:17,236,6,FALSE,2020-03-30
796,387,323,2019-08-09,16:10:00, 17:10:00,129,17,FALSE,2019-09-02
797,954,351,2019-11-08,15:52:20, 16:52:20,460,17,TRUE,2019-08-14
798,544,842,2019-12-03,16:46:58, 17:46:58,335,16,TRUE,2020-04-10
799,162,262,2020-01-08,0:01:09, 01:01:09,48,17,TRUE,2020-03-15
800,393,546,2019-11-08,22:03:29, 23:03:29,331,15,FALSE,2019-08-16
801,106,87,2020-01-21,15:13:36, 16:13:36,324,11,TRUE,2019-10-20
802,284,970,2019-07-05,22:39:42, 23:39:42,20,14,TRUE,2019-10-19
803,780,37,2019-06-22,5:04:37, 06:04:37,469,18,TRUE,2019-06-10
804,587,210,2019-10-04,5:58:11, 06:58:11,86,12,TRUE,2019-05-08
805,208,629,2019-10-11,0:35:34, 01:35:34,98,14,TRUE,2019-07-25
806,244,262,2019-12-05,3:57:24, 04:57:24,139,17,FALSE,2020-04-02
807,760,614,2019-09-10,18:34:10, 19:34:10,353,1,TRUE,2019-04-26
808,18,413,2020-01-15,4:54:05, 05:54:05,484,18,TRUE,2020-04-12
809,419,357,2020-02-06,7:52:58, 08:52:58,1,12,TRUE,2020-03-14
812,690,774,2019-12-15,5:44:28, 06:44:28,98,8,TRUE,2019-11-04
813,168,188,2019-04-30,9:26:40, 10:26:40,55,14,TRUE,2020-03-30
814,278,571,2019-08-31,7:10:23, 08:10:23,81,5,FALSE,2020-01-20
815,149,251,2019-06-11,0:27:31, 01:27:31,49,4,TRUE,2020-02-16
816,229,76,2019-09-15,4:07:12, 05:07:12,491,8,TRUE,2019-12-04
817,955,983,2019-07-20,16:24:31, 17:24:31,218,1,TRUE,2020-03-29
818,211,855,2019-10-24,19:18:29, 20:18:29,59,22,TRUE,2020-02-01
819,697,330,2019-07-17,16:49:45, 17:49:45,328,7,FALSE,2020-01-10
820,66,503,2019-11-10,3:56:12, 04:56:12,350,13,TRUE,2020-02-25
821,437,737,2019-11-26,15:21:03, 16:21:03,89,18,FALSE,2019-09-01
822,301,878,2019-07-10,3:58:34, 04:58:34,76,15,FALSE,2020-04-07
823,875,260,2020-01-08,18:07:17, 19:07:17,196,16,FALSE,2019-12-16
824,781,967,2019-11-05,11:47:05, 12:47:05,98,21,TRUE,2019-05-07
825,4,411,2020-04-18,18:58:06, 19:58:06,461,9,TRUE,2019-05-23
826,742,396,2019-11-08,6:59:20, 07:59:20,107,13,TRUE,2019-08-27
827,628,784,2020-04-21,15:57:58, 16:57:58,393,8,FALSE,2019-08-25
828,25,443,2019-10-07,5:44:11, 06:44:11,348,16,TRUE,2019-08-16
829,287,943,2019-10-22,21:08:55, 22:08:55,298,9,TRUE,2019-10-02
830,888,985,2020-03-07,11:30:15, 12:30:15,450,1,FALSE,2019-09-08
831,100,66,2019-04-30,22:44:07, 23:44:07,412,15,TRUE,2019-12-06
832,47,827,2019-11-26,17:34:53, 18:34:53,86,4,FALSE,2019-07-07
833,428,243,2019-06-04,7:15:26, 08:15:26,294,5,TRUE,2019-07-14
834,360,394,2019-10-05,19:03:12, 20:03:12,85,21,TRUE,2019-10-16
835,809,99,2020-02-12,10:36:37, 11:36:37,41,19,FALSE,2019-06-02
836,200,422,2019-06-17,18:59:59, 19:59:59,404,9,FALSE,2019-04-23
837,334,599,2019-12-26,9:09:50, 10:09:50,192,5,TRUE,2019-08-05
838,487,448,2019-11-06,0:37:04, 01:37:04,380,17,TRUE,2020-02-09
839,398,208,2019-11-01,4:49:44, 05:49:44,294,15,FALSE,2020-01-09
840,563,909,2019-11-15,3:44:00, 04:44:00,93,15,TRUE,2019-07-23
841,345,413,2020-01-04,6:39:15, 07:39:15,433,1,TRUE,2019-08-04
842,127,849,2019-06-11,9:48:42, 10:48:42,491,13,FALSE,2019-06-11
845,983,603,2019-07-31,12:26:50, 13:26:50,42,14,FALSE,2019-12-05
846,927,85,2020-02-23,10:29:01, 11:29:01,108,4,FALSE,2019-11-01
847,29,220,2019-12-09,18:37:12, 19:37:12,382,4,TRUE,2019-09-27
848,696,416,2019-06-29,4:57:38, 05:57:38,390,16,TRUE,2020-03-05
851,92,342,2019-08-04,5:10:40, 06:10:40,64,12,FALSE,2019-06-17
852,967,825,2020-04-06,8:03:13, 09:03:13,208,7,TRUE,2019-08-07
853,924,783,2020-03-13,21:37:46, 22:37:46,239,7,TRUE,2019-10-31
854,663,659,2019-08-18,19:59:52, 20:59:52,228,1,TRUE,2019-12-01
855,494,364,2019-08-24,19:56:35, 20:56:35,439,14,TRUE,2019-10-16
856,143,803,2019-04-28,1:13:32, 02:13:32,203,13,TRUE,2019-05-13
859,281,87,2020-01-29,3:11:52, 04:11:52,402,8,FALSE,2019-11-24
860,24,364,2019-05-07,6:32:53, 07:32:53,56,7,TRUE,2019-06-16
861,371,725,2019-08-01,12:40:00, 13:40:00,303,3,FALSE,2019-11-26
862,824,920,2020-01-11,11:49:41, 12:49:41,386,4,TRUE,2019-08-31
863,23,305,2019-12-08,6:13:23, 07:13:23,424,2,TRUE,2019-07-11
864,545,198,2019-12-20,20:30:40, 21:30:40,326,2,FALSE,2020-04-18
865,826,573,2020-04-03,6:07:18, 07:07:18,169,14,TRUE,2019-05-06
866,31,792,2019-09-22,17:21:30, 18:21:30,369,14,FALSE,2019-09-20
867,928,397,2020-03-12,16:29:46, 17:29:46,333,20,FALSE,2020-04-05
869,380,916,2019-09-14,9:59:17, 10:59:17,39,4,FALSE,2019-10-12
870,442,714,2020-02-17,10:08:08, 11:08:08,152,9,TRUE,2019-05-11
871,846,763,2019-11-12,9:15:18, 10:15:18,432,10,TRUE,2019-10-14
872,555,320,2019-06-23,12:42:04, 13:42:04,90,22,TRUE,2019-12-28
873,89,911,2019-12-18,8:24:50, 09:24:50,120,7,TRUE,2020-04-18
874,213,692,2020-02-16,21:17:05, 22:17:05,155,15,FALSE,2019-08-09
875,456,622,2019-09-22,19:49:59, 20:49:59,153,21,FALSE,2020-01-11
876,28,152,2019-04-28,1:14:24, 02:14:24,397,18,FALSE,2019-06-17
877,128,615,2019-10-20,10:14:57, 11:14:57,193,12,TRUE,2019-11-23
878,435,272,2020-03-20,12:13:08, 13:13:08,402,18,FALSE,2020-03-18
879,747,78,2019-12-29,10:39:11, 11:39:11,44,14,TRUE,2019-09-02
880,174,602,2020-03-12,9:59:08, 10:59:08,457,9,FALSE,2020-04-01
881,208,373,2020-01-18,18:56:32, 19:56:32,245,17,TRUE,2020-03-04
882,499,105,2019-12-15,21:37:21, 22:37:21,296,17,TRUE,2020-01-26
883,403,468,2019-05-19,3:52:30, 04:52:30,82,20,FALSE,2020-02-11
884,199,414,2019-08-18,0:52:23, 01:52:23,455,16,FALSE,2020-03-11
885,679,116,2019-10-28,20:22:56, 21:22:56,168,11,TRUE,2020-03-07
886,656,549,2019-05-07,16:38:05, 17:38:05,167,17,TRUE,2020-03-16
887,414,32,2019-05-23,19:58:31, 20:58:31,447,20,TRUE,2020-04-14
888,520,553,2019-11-04,15:48:37, 16:48:37,450,6,TRUE,2019-07-11
889,362,44,2020-03-23,10:33:26, 11:33:26,282,15,TRUE,2020-04-11
890,961,197,2019-11-11,5:20:47, 06:20:47,401,20,TRUE,2019-11-28
891,11,495,2019-08-30,17:54:43, 18:54:43,268,6,TRUE,2019-10-29
892,561,847,2020-01-06,20:19:35, 21:19:35,500,3,TRUE,2019-11-02
893,734,162,2020-03-24,7:59:01, 08:59:01,231,3,TRUE,2019-12-03
894,638,628,2020-01-26,21:59:25, 22:59:25,7,19,TRUE,2019-08-25
895,656,168,2019-07-17,19:29:56, 20:29:56,254,22,TRUE,2019-09-13
896,990,235,2020-04-08,12:01:21, 13:01:21,148,21,FALSE,2020-01-07
897,830,203,2020-02-21,13:23:04, 14:23:04,428,21,TRUE,2019-09-11
898,774,515,2019-10-14,11:25:34, 12:25:34,137,11,FALSE,2020-03-12
899,110,612,2019-07-15,4:17:56, 05:17:56,328,14,TRUE,2020-03-03
900,895,937,2019-12-03,14:11:55, 15:11:55,318,9,FALSE,2020-01-29
901,574,398,2020-02-15,19:56:25, 20:56:25,88,15,FALSE,2019-12-29
902,92,231,2020-04-14,14:47:45, 15:47:45,120,16,FALSE,2019-07-07
903,948,20,2019-07-04,7:24:20, 08:24:20,63,8,TRUE,2019-06-05
904,571,990,2020-02-14,0:38:49, 01:38:49,202,7,TRUE,2019-11-27
905,724,474,2019-06-13,14:41:52, 15:41:52,121,11,TRUE,2020-02-24
906,825,971,2019-05-09,18:23:20, 19:23:20,272,11,FALSE,2020-02-28
908,234,796,2019-12-24,13:27:59, 14:27:59,392,4,TRUE,2020-04-05
909,262,771,2019-11-26,21:37:38, 22:37:38,24,1,FALSE,2019-07-11
910,906,292,2019-12-20,19:04:52, 20:04:52,383,20,TRUE,2019-04-25
911,767,535,2019-10-30,18:14:18, 19:14:18,307,19,TRUE,2019-07-27
912,167,245,2019-06-30,21:26:34, 22:26:34,2,10,TRUE,2019-08-17
913,516,582,2019-08-01,21:05:25, 22:05:25,301,2,FALSE,2019-08-30
914,527,785,2019-08-06,16:14:36, 17:14:36,212,3,FALSE,2019-06-12
915,997,815,2019-08-22,22:52:44, 23:52:44,342,5,FALSE,2020-03-22
916,947,63,2019-09-14,7:42:09, 08:42:09,28,14,FALSE,2020-04-13
917,435,909,2019-12-26,16:21:42, 17:21:42,436,4,TRUE,2019-08-23
918,95,830,2020-02-03,6:59:52, 07:59:52,233,11,FALSE,2019-10-07
919,232,769,2019-12-26,18:35:12, 19:35:12,82,17,TRUE,2020-04-21
920,594,288,2019-11-03,6:05:34, 07:05:34,500,21,FALSE,2019-11-03
921,153,181,2020-04-01,16:32:27, 17:32:27,290,14,TRUE,2019-05-01
922,610,827,2019-12-26,5:36:46, 06:36:46,371,22,TRUE,2019-07-13
923,524,993,2019-04-26,12:22:21, 13:22:21,29,15,TRUE,2019-07-12
924,50,863,2019-10-11,21:24:11, 22:24:11,144,21,FALSE,2020-04-15
925,783,763,2019-12-02,19:38:43, 20:38:43,283,22,FALSE,2019-06-14
926,220,506,2020-01-06,21:00:46, 22:00:46,155,14,FALSE,2019-07-25
927,759,913,2019-11-19,2:08:14, 03:08:14,351,19,TRUE,2020-04-22
928,630,357,2019-12-27,20:11:01, 21:11:01,313,6,TRUE,2019-06-10
929,602,648,2019-08-18,15:39:25, 16:39:25,353,2,FALSE,2020-03-31
930,181,813,2019-09-19,18:54:13, 19:54:13,419,2,TRUE,2019-09-18
931,871,777,2019-11-27,19:52:13, 20:52:13,321,1,FALSE,2020-01-17
932,938,240,2020-01-08,7:00:05, 08:00:05,443,6,TRUE,2019-07-31
933,607,503,2019-06-08,13:44:24, 14:44:24,56,10,TRUE,2019-10-30
934,805,194,2019-11-01,2:53:40, 03:53:40,172,8,TRUE,2020-01-29
935,898,290,2020-01-03,6:01:51, 07:01:51,249,21,FALSE,2019-06-17
936,291,800,2019-09-01,15:07:32, 16:07:32,432,3,TRUE,2019-05-21
937,421,440,2019-11-05,21:08:04, 22:08:04,457,6,TRUE,2019-07-01
938,830,246,2020-01-07,11:00:11, 12:00:11,391,12,FALSE,2020-01-24
939,995,192,2019-10-07,13:16:49, 14:16:49,361,21,FALSE,2020-01-09
940,775,844,2019-05-14,11:57:42, 12:57:42,192,1,FALSE,2020-02-04
941,987,117,2019-10-11,22:31:09, 23:31:09,415,7,TRUE,2020-01-29
942,660,166,2019-12-14,13:09:07, 14:09:07,197,7,FALSE,2019-12-09
943,531,814,2019-10-20,18:13:05, 19:13:05,74,6,TRUE,2019-07-27
944,902,423,2020-02-19,17:11:13, 18:11:13,6,5,FALSE,2019-05-27
945,416,928,2019-06-10,15:41:40, 16:41:40,448,14,FALSE,2019-07-31
946,595,569,2020-03-06,9:48:41, 10:48:41,358,14,FALSE,2019-07-17
947,626,508,2019-07-10,16:33:53, 17:33:53,120,19,FALSE,2020-03-20
948,326,289,2020-04-05,2:53:29, 03:53:29,72,7,TRUE,2020-02-18
949,790,110,2019-10-10,19:06:27, 20:06:27,378,15,TRUE,2020-02-25
950,927,968,2019-12-09,6:59:41, 07:59:41,459,6,FALSE,2019-08-01
951,684,368,2020-04-12,8:32:51, 09:32:51,304,18,TRUE,2019-11-06
952,533,253,2019-06-17,2:32:48, 03:32:48,174,2,FALSE,2019-09-02
953,943,202,2020-03-15,11:46:17, 12:46:17,245,12,TRUE,2019-04-30
954,593,70,2019-10-22,5:01:19, 06:01:19,152,14,FALSE,2020-01-17
955,198,895,2019-07-29,11:32:00, 12:32:00,469,22,TRUE,2019-09-10
956,479,503,2019-07-07,18:54:05, 19:54:05,126,11,FALSE,2019-06-18
957,170,681,2019-11-22,3:20:15, 04:20:15,419,20,FALSE,2019-12-11
958,416,410,2020-03-29,1:33:20, 02:33:20,367,13,FALSE,2019-08-15
959,521,706,2019-06-21,16:43:11, 17:43:11,19,9,TRUE,2020-04-22
960,822,459,2019-09-17,5:39:25, 06:39:25,140,7,TRUE,2019-10-06
961,869,221,2019-07-08,11:50:53, 12:50:53,140,14,TRUE,2020-01-03
962,228,733,2020-01-15,7:18:34, 08:18:34,478,10,FALSE,2020-01-11
963,769,20,2019-10-10,20:27:27, 21:27:27,463,19,TRUE,2019-08-26
964,761,235,2019-09-10,13:26:22, 14:26:22,179,2,FALSE,2019-07-28
965,161,644,2020-01-02,3:44:32, 04:44:32,283,16,TRUE,2020-04-14
966,976,46,2019-09-13,14:50:28, 15:50:28,276,22,FALSE,2020-01-21
967,572,833,2019-12-01,11:14:59, 12:14:59,377,10,TRUE,2019-09-03
968,412,980,2020-02-22,18:44:01, 19:44:01,493,6,TRUE,2020-03-24
969,639,511,2019-09-23,3:24:06, 04:24:06,41,9,TRUE,2019-06-01
970,784,417,2019-10-03,2:00:05, 03:00:05,222,10,FALSE,2020-03-30
971,364,226,2019-09-09,5:39:17, 06:39:17,88,13,TRUE,2019-10-11
972,423,130,2019-04-29,20:18:44, 21:18:44,456,2,FALSE,2019-09-16
973,31,44,2019-07-31,16:08:34, 17:08:34,490,10,FALSE,2020-02-15
974,698,477,2020-02-07,4:50:07, 05:50:07,456,16,FALSE,2019-06-22
975,821,74,2019-07-04,8:04:00, 09:04:00,26,16,FALSE,2020-01-03
976,418,260,2019-05-09,3:04:53, 04:04:53,186,20,FALSE,2019-05-09
977,696,419,2020-04-19,19:45:41, 20:45:41,320,19,TRUE,2019-07-13
978,522,510,2019-09-07,2:25:09, 03:25:09,278,10,FALSE,2019-12-20
979,183,63,2020-04-13,17:09:30, 18:09:30,480,7,FALSE,2019-11-23
980,806,398,2019-12-22,15:09:34, 16:09:34,298,5,FALSE,2020-04-02
981,218,644,2019-07-25,6:49:13, 07:49:13,208,15,TRUE,2019-05-04
982,193,709,2019-08-26,21:21:17, 22:21:17,372,7,TRUE,2019-05-01
983,879,817,2019-05-18,10:23:36, 11:23:36,249,8,TRUE,2020-03-16
984,434,324,2019-10-01,0:00:36, 01:00:36,97,11,TRUE,2019-05-08
985,101,62,2019-12-08,20:03:04, 21:03:04,33,11,FALSE,2020-03-19
986,730,936,2019-05-10,12:48:06, 13:48:06,344,20,FALSE,2019-05-19
987,440,699,2019-10-25,2:39:05, 03:39:05,37,18,TRUE,2020-04-09
988,731,338,2019-04-23,3:52:55, 04:52:55,332,13,FALSE,2019-12-27
989,491,132,2019-05-19,3:47:30, 04:47:30,318,9,FALSE,2020-02-12
990,352,286,2019-07-28,21:33:17, 22:33:17,200,18,FALSE,2019-08-06
991,35,774,2019-07-09,0:06:23, 01:06:23,152,6,TRUE,2019-07-13
992,135,75,2020-02-02,12:14:58, 13:14:58,283,7,FALSE,2019-04-23
993,853,990,2019-10-22,3:34:21, 04:34:21,252,2,TRUE,2019-07-02
994,368,436,2019-08-08,14:14:23, 15:14:23,122,5,FALSE,2020-01-27
995,306,388,2019-12-30,12:46:22, 13:46:22,393,18,TRUE,2020-03-22
996,541,488,2020-04-09,12:36:58, 13:36:58,335,1,TRUE,2019-04-29
997,783,693,2019-07-04,21:52:08, 22:52:08,84,5,FALSE,2019-06-23
998,645,623,2019-12-24,7:06:20, 08:06:20,116,2,FALSE,2020-01-01
999,413,332,2019-12-04,14:04:43, 15:04:43,219,7,TRUE,2020-01-27
1000,565,797,2019-08-31,1:03:56, 02:03:56,181,13,TRUE,2019-11-04